SourceFile,ImageWidth,ImageHeight
2015-08-02-01.jpg,3706,2471
2015-08-02-02.jpg,4972,3315
2015-08-02-03.jpg,5472,3648
2015-08-02-04.jpg,5343,3562
2015-08-02-05.jpg,5472,3648
2015-08-02-06.jpg,5206,3471
2015-08-02-07.jpg,1280,960
2015-08-04-01.jpg,2347,2347
2015-08-04-02.jpg,3184,2388
2015-08-04-03.jpg,3264,2448
2015-08-05_001.jpg,5472,3648
2015-08-06_001.jpg,3264,2448
2015-July-26-112802.jpg,2448,2448
2015-July-29-202937.jpg,10800,2400
2015-July-31-181002.jpg,4639,3093
EAI_UK_WO10_070615_AC_01343-2.jpg,2480,3720
IMG_0030.jpg,3568,2379
IMG_0101.jpg,5472,3648
IMG_0120.jpg,5472,3648
IMG_0141.jpg,5472,3648
IMG_0151.jpg,5391,3594
IMG_0221.jpg,4321,2881
IMG_0245.jpg,4479,2986
IMG_0279.jpg,5472,3648
IMG_0345.jpg,4035,2690
IMG_0380.jpg,4347,2898
IMG_0400.jpg,4937,3291
IMG_0490.jpg,4945,3297
IMG_0590.jpg,5019,3346
IMG_0612.jpg,5163,3442
IMG_0624.jpg,4255,2837
IMG_0632.jpg,5374,3583
IMG_0672.jpg,5090,3393
IMG_0694.jpg,4725,3150
IMG_0705.jpg,5472,3648
IMG_0809.jpg,3583,2389
IMG_0838.jpg,5472,3648
IMG_0847.jpg,5472,3648
IMG_0876.jpg,5472,3648
IMG_0882.jpg,3119,2079
IMG_0933.jpg,5472,3648
IMG_0952.jpg,4351,2901
IMG_0966.jpg,5324,3549
IMG_0971.jpg,4640,3093
IMG_1033.jpg,5472,3648
IMG_1036.jpg,5472,3648
IMG_1081.jpg,4242,2828
IMG_1100.jpg,4946,3297
IMG_1103.jpg,5105,3403
IMG_1109.jpg,4713,3142
IMG_1140.jpg,4715,3143
IMG_1153.jpg,1945,1297
IMG_1160.jpg,4538,3025
IMG_1188.jpg,5472,3648
IMG_1192.jpg,5472,3648
IMG_1204.jpg,5472,3648
IMG_1215.jpg,5472,3648
IMG_1220.jpg,5472,3648
IMG_1226.jpg,4878,3252
IMG_1259.jpg,5472,3648
IMG_1324.jpg,4714,3143
IMG_1353.jpg,5031,3354
IMG_1366.jpg,5472,3648
IMG_1397.jpg,4600,3067
IMG_1434.jpg,1365,1365
IMG_1457-2.jpg,5472,3648
IMG_1498.jpg,5472,3648
IMG_1593.jpg,5472,3648
IMG_1598.jpg,5472,3648
IMG_1639.jpg,5472,3648
IMG_1660.jpg,5472,3648
IMG_1715.jpg,5472,3648
IMG_1717.jpg,5472,3648
IMG_1781.jpg,5472,3648
IMG_1788.jpg,5472,3648
IMG_1794.jpg,4048,2699
IMG_1810.jpg,4462,2975
IMG_1873.jpg,5472,3648
IMG_1886.jpg,5472,3648
IMG_1909.jpg,5472,3648
IMG_2034.jpg,5472,3648
IMG_2120.jpg,4990,3327
IMG_2160.jpg,4165,2777
IMG_2201.jpg,5472,3648
IMG_2205.jpg,5472,3648
IMG_2359.jpg,5035,3357
IMG_2541.jpg,5472,3648
IMG_2635.jpg,3724,2483
IMG_2660.jpg,4946,3297
IMG_2689.jpg,5472,3648
IMG_2721.jpg,5472,3648
IMG_2737.jpg,5472,3648
IMG_2750-20150714213628.jpg,5018,3345
IMG_2750.jpg,5018,3345
IMG_2764.jpg,4699,3133
IMG_2772.jpg,5472,3648
IMG_2787.jpg,5472,3648
IMG_2798.jpg,996,996
IMG_2808.jpg,4587,3058
IMG_2810.jpg,4988,3325
IMG_2910.jpg,3892,2595
IMG_2965.jpg,3819,2546
IMG_3031.jpg,3531,2354
IMG_3055.jpg,5472,3648
IMG_3081.jpg,4808,3205
IMG_3244.jpg,4335,2890
IMG_3256.jpg,5472,3648
IMG_3272.jpg,3083,3083
IMG_3308.jpg,5272,3515
IMG_3366.jpg,5472,3648
IMG_3372.jpg,4708,3139
IMG_3383.jpg,5338,3559
IMG_3410.jpg,5233,3489
IMG_3440.jpg,5472,3648
IMG_3446.jpg,5472,3648
IMG_3504.jpg,5472,3648
IMG_3565.jpg,5472,3648
IMG_3570.jpg,4655,3103
IMG_3586.jpg,5472,3648
IMG_3603.jpg,4428,2952
IMG_3612.jpg,4716,3144
IMG_3632.jpg,5290,3527
IMG_6028.jpg,2524,1893
IMG_6029.jpg,3258,2444
IMG_6037.jpg,2775,2081
IMG_6039.jpg,2842,2132
IMG_6050-Edit.jpg,2929,2197
IMG_6055.jpg,3648,2736
IMG_6057.jpg,3325,2494
IMG_7388.jpg,5472,3648
IMG_7543.jpg,5386,3648
IMG_7634.jpg,5166,3444
IMG_7669.jpg,5472,3648
IMG_7683-20150108215632.jpg,4980,3229
IMG_7683.jpg,4980,3229
IMG_7684.jpg,5472,3648
IMG_7751.jpg,5472,3648
IMG_8052-20150111210557.jpg,3660,2614
IMG_8052.jpg,3660,2614
IMG_8058-20150111193709.jpg,5472,3648
IMG_8058.jpg,5472,3648
IMG_8084.jpg,5472,3648
IMG_8091.jpg,4421,2487
IMG_8113.jpg,3837,2878
IMG_8125.jpg,5472,3648
IMG_8128-20150106220734.jpg,2448,2448
IMG_8161.jpg,4674,3039
IMG_8190.jpg,5379,3586
IMG_8211.jpg,5026,3099
IMG_8224.jpg,3264,2448
IMG_8257.jpg,5472,3648
IMG_8288.jpg,4059,2706
IMG_8291.jpg,3264,2448
IMG_8299.jpg,2846,2135
IMG_8315.jpg,5350,3567
IMG_8319.jpg,5472,3648
IMG_8327.jpg,2018,1600
IMG_8334.jpg,5171,3447
IMG_8347.jpg,3329,2322
IMG_8355.jpg,5472,3648
IMG_8356.jpg,5472,3648
IMG_8410.jpg,4099,2733
IMG_8427.jpg,4045,2697
IMG_8436-20150122104423.jpg,4772,3492
IMG_8436-20150122105041.jpg,4772,3492
IMG_8436.jpg,4667,3442
IMG_8500.jpg,5377,3585
IMG_8548.jpg,5472,3648
IMG_8612.jpg,2448,3264
IMG_8626.jpg,3264,2448
IMG_8641.jpg,3264,2448
IMG_8652.jpg,4933,3289
IMG_8658.jpg,5350,3567
IMG_8662.jpg,1200,1600
IMG_8666.jpg,3264,2448
IMG_8677.jpg,5041,1725
IMG_8681.jpg,3264,2448
IMG_8690.jpg,3264,2448
IMG_8706.jpg,3140,2354
IMG_8733.jpg,5154,3436
IMG_8739.jpg,4855,3237
IMG_8743.jpg,2614,1960
IMG_8747.jpg,3648,5472
IMG_8753.jpg,3648,5472
IMG_8754-20150725205048.jpg,2448,3264
IMG_8754.jpg,2448,3264
IMG_8760.jpg,2310,2310
IMG_8769.jpg,8112,2480
IMG_8778-Edit.jpg,5236,3491
IMG_8780.jpg,3264,2448
IMG_8784.jpg,2677,2008
IMG_8785.jpg,3264,2448
IMG_8787.jpg,5472,3648
IMG_8788.jpg,3264,2448
IMG_8793.jpg,3264,2448
IMG_8883.jpg,4630,3087
IMG_9030.jpg,5472,3648
IMG_9042.jpg,4860,3240
IMG_9048.jpg,4144,2786
IMG_9068.jpg,4999,3333
IMG_9095.jpg,4719,3146
IMG_9102.jpg,4698,3132
IMG_9105.jpg,5472,3648
IMG_9138-Edit.jpg,4143,2761
IMG_9155.jpg,3583,2389
IMG_9162-Edit.jpg,4628,3086
IMG_9193.jpg,4584,3187
IMG_9225.jpg,5472,3648
IMG_9257.jpg,4395,2930
IMG_9267.jpg,4474,2983
IMG_9290-Edit.jpg,5470,3646
IMG_9328.jpg,5472,3648
IMG_9350.jpg,4696,3131
IMG_9411.jpg,5472,3648
IMG_9553.jpg,5382,3588
IMG_9584.jpg,4741,3161
IMG_9612.jpg,3979,2653
IMG_9693.jpg,3122,2081
IMG_9817.jpg,4675,2356
IMG_9831.jpg,3298,2199
IMG_9850.jpg,5353,3569
IMG_9859.jpg,4689,3126
IMG_9946.jpg,5039,3359
Photo 15-01-2015 7 38 38 pm.jpg,3264,2448
StarStaX_IMG_8614-IMG_8633_lighten-2.jpg,5472,3648
StarStaX_IMG_8614-IMG_8633_lighten.jpg,5472,3648
StarStaX_IMG_8671-IMG_8721_gap_filling.jpg,5394,3596
img_8514.jpg,960,1280
